species,haplotype,kcat,km,kcat_km,ki,ki_km,bisANS,tm,IC50
E.coli,0,0.149629476,0.136116816,0.138747734,0.093302815,0.051344164,0.1270264,0.724872713,0.24257
E.coli,100,0.096998426,0.120733608,7.19E-06,0.121266489,0.071706036,0.023198627,0.00395934,0.4007935
E.coli,10,0.16764216,0.024387549,0.06784422,0.049145297,0.002474822,0.006272909,0.009538689,0.0002057
E.coli,1,0.089996468,0.118035735,0.029768876,0.001045369,0.063650484,0.00371178,0.002218029,0.0734437
E.coli,110,0.135251095,0.015608031,0.111850049,0.274837401,0.162176247,0.013399527,0.000554507,0.0004959
E.coli,101,6.22E-05,0.024387549,0.180435149,0.362549014,0.202669948,0.012026168,0.007883214,0.1800744
E.coli,11,0.158097073,0.022009763,0.305527976,0.08400788,2.79E-05,0.001336241,0.002218029,3.76E-06
E.coli,111,0.202323134,0.538720949,0.165818806,0.013845735,0.445950439,0.813028349,0.248755479,0.1024131
L.grayi,0,0.075530919,0.055295381,0.08840998,0.077825351,0.058520651,0.37727776,0.955206995,0.1211509
L.grayi,100,0.20567023,0.042627381,0.121676393,0.078630099,0.036950717,0.000584015,0.00043263,0.0004338
L.grayi,10,0.008521198,0.01445385,0.017168959,0.066505019,0.102750189,0.017666454,0.000286626,7.00E-05
L.grayi,1,0.042967889,0.291702817,0.00265392,0.01839896,0.004473167,0.218291837,0.00173052,0.0886823
L.grayi,110,0.190061727,2.26E-05,0.284245422,0.264242239,0.22623597,0.005856373,0.000355884,0.0025608
L.grayi,101,0.475906565,0.103879279,0.397464434,0.248018411,0.138106718,0.043866017,2.34E-05,0.4691055
L.grayi,11,0.001058663,0.306086028,0.047318235,0.215430471,0.413629067,6.49E-05,0.002247149,0.1035647
L.grayi,111,0.000282809,0.185932697,0.041062658,0.03094945,0.019333521,0.336392653,0.039716797,0.214432
C.muridarum,0,0.109966574,0.117280908,0.200035871,0.074146761,0.061223782,0.213015042,0.994540426,0.0710622
C.muridarum,100,0.084799114,0.020557576,0.124756159,0.144579305,0.103526723,0.018547937,0.00048209,0.2015963
C.muridarum,10,0.063607251,0.053609812,2.06E-06,0.06204333,0.019311884,0.001159246,0.000789856,0.0022024
C.muridarum,1,0.008249091,0.067409029,0.082461603,0.064946552,0.00023461,0.004636984,0.000444294,0.0161237
C.muridarum,110,0.241399935,0.150164912,0.064585989,0.031054683,0.069168062,5.72E-05,6.25E-05,0.1197806
C.muridarum,101,0.17062841,0.109774305,0.000131939,0.00566013,0.039223433,0.018547937,0.002249239,0.4428089
C.muridarum,11,0.305415441,0.302792528,0.004362219,0.022640518,0.02617065,5.72E-05,0.001234151,0.0262887
C.muridarum,111,0.015934183,0.178410931,0.523664161,0.594928721,0.681140856,0.743978361,0.000197464,0.1201371